Fiscal Indicators,1990-91 ,1995-96 ,1996-97 ,1997-98 ,1998-99 ,1999-2000 ,2000-01 ,2001-02 ,2002-03 ,2003-04 (RE),2003-04 ,2004-05 (BE),2004-05 (RE),2004-05 ,2005-06 (BE),2005-06 (RE),2005-06 ,2006-07 (BE),2006-07 (RE),2006-07 ,2007-08 (BE),2007-08 (R.E.),2007-08 ,2008-09 (B.E.),2008-09 (R.E.),2008-09 ,2009-10 (B.E.),2009-10 (R.E.),2009-10 ,2010-11 (B.E.),2010-11 (R.E.),2010-11 ,2011-12 (B.E.),2011-12 (R.E.),2011-12 ,2012-13 (B.E.),2012-13 (R.E.),2012-13 ,2013-14 (B.E.),2013-14 (R.E.),2013-14 ,2014-15 (B.E.),2014-15 (R.E.),2015-16 (B.E.)
A. NON-DEVELOPMENTAL EXPENDITURE*,69195.35,153144.67,167219.38,193466.91,236854.54,277014.08,298848.31,336873.24,368211.25,410906.26,401176.55,461820.82,458559.28,456405.82,502174.88,500811.48,491413.25,543142.93,549302.79,545347.49,607954.79,622641.98,600105.49,702693.06,739071.06,721408.04,881854.86,889769.31,895920.53,952152.5,1015216.8,1001375.44,1100828.64,1126444.76,1115891.67,1326457.95,1274671.84,1231824,1502689.84,1454406,1434017,1654457,1654277,1815763
1. Defence services,15426.47,26856.22,29505.12,35278.08,39897.58,47070.79,49622.04,54265.74,55661.83,60300,60065.8,77000,77000,75855.91,83000,81700,80548.98,89000,86000,85509.6,96000,92500,91681.06,105600,114600,114223.28,141703,136264,141781.09,147344,151581.69,154116.73,164415.49,170936.81,170913.29,193407.29,178503.52,181776,203672.12,203672,203499,229000,222370,246727
2. Border roads,65.07,108.18,118.72,184.72,172,229.42,214.28,372.18,392.05,277.65,436.38,298.95,290.4,794.92,335.16,349.63,456.37,562.23,501.9,675.33,738.18,686.96,887.25,851.5,845.7,881.21,1319.51,1182.06,1184.73,2857.68,2540.28,2421.36,2463.97,2173.21,2206.22,2492.21,2172.59,2275,2663.92,2249,2192,2342,2035,0
3. Interest payments,25006,58944.49,69930.96,78551.39,92591.97,110050.69,122791.75,140889.88,154398.54,179788.77,176372.66,190517.28,188643.41,192367.33,208379.32,205989.51,206390.28,226624.33,232054.86,233019.74,252701.03,266244.41,249195.25,289956.87,280741.52,277637.55,322355.52,318492.04,317286.76,359988.34,359886.42,351145.13,401185.71,408354.74,403234.98,469591.93,465128.68,457550,539033.59,546880,537468,615553,599570,670904
4. Fiscal services,3448.22,9921.37,5917.25,6380.21,13397.46,9885.37,9014.9,9400.83,10209.16,12129.4,11349.45,11758.81,11855.32,11414.61,13012.02,13348.02,12054.94,12389.3,12688.26,11332.61,14383.77,14474.07,12973.87,16155.86,18942.01,17574.22,21114.54,34433.86,23598.82,22579.21,22989.82,31028.03,34512.33,28022.99,26622.62,71370.91,33985.45,32790,75082.17,32016,31838,38557,41194,39677
a) Tax collection charges,1973.32,5223.7,4079.36,4925.43,5915.03,6522.41,6569.73,7514.33,7594.2,9091.89,8354.19,9503.61,9631.6,9006.45,10052.68,10523.66,9697.46,11121.57,11609.83,10489.88,12349.15,13060.97,11895.32,14244.18,16217.09,14857.78,19092.73,19893.49,18490.08,20945.95,21221.31,20204.61,23601.3,24261.81,22971.38,26723.57,27699.19,26489,30545.29,30032,29995,35626,34592,37292
"b) Currency, coinage and mint",259.18,603.19,632.2,687.59,706.33,799.52,954.23,913.56,641.78,654.25,630.77,886.41,856.32,728.82,966.8,797.77,527.77,0.73,96.37,0,253.2,0,0,0,0,0,0,0,0,0,0,0,0,0,0,0,0,0,0,0,1,0,0,0
c) Subscription to IMF,549.98,2595,0,0,5958.31,1691.12,628.89,0,1011.45,1265.49,1261.89,0,0,414.87,357.14,595.02,595.01,0.01,39.57,39.57,39.57,0,0,0,1077.49,1444,0,12836.26,3653.93,0.01,0,9051.12,8767.75,1609.78,1612.69,42123.32,4149.2,4323,42149.17,424,367,676,4846,35
d) Others,665.74,1499.48,1205.69,767.19,817.79,872.32,862.05,972.94,961.73,1117.77,1102.6,1368.79,1367.4,1264.47,1635.4,1431.57,1234.7,1266.99,942.49,803.16,1741.85,1413.1,1078.55,1911.68,1647.43,1272.44,2021.81,1704.11,1454.81,1633.25,1768.51,1772.3,2143.28,2151.4,2038.55,2524.02,2137.06,1978,2387.71,1560,1476,2254,1756,2351
5. Administrative services,9375.81,18437.15,20700.87,23936.26,28187.6,33155.95,34897.41,38118.76,39761.73,44078.5,43551.16,49599.92,51127.7,46653.87,58741.63,55837.67,52703.35,63366.04,63186.22,58571.68,72067.03,69312.14,63845.98,87241.41,84994.37,79600.15,107438.18,103510.42,103104.85,115286.72,118494.09,112110.65,139428.53,137967.6,130209.21,161985.59,153934.89,146061,177851.99,174999,163392,200295,199462,224169
a) Police,5657.25,11240.88,12871.27,15292.41,17681.65,21123.89,21342.95,23640.66,25058.3,27400.89,26851.85,29622.66,31138.39,29874.53,33584.74,34339.23,33506.37,37261.67,38754.07,37464.9,40691.27,42014.18,39742.54,46364.12,52938.02,51399.11,64216.79,64500.65,67829.79,68033.08,78542.18,77103.31,87454.4,92578.41,89814.89,102976.65,105165.9,101881,117958.91,119591,115217,132175,134442,146244
b) External affairs,444.98,851.35,941.42,981.27,1276.72,1219.5,1380.54,1602.4,1843.61,1845.39,1800.06,1976.68,2076.86,1869.43,2033.06,2080.23,2037.44,2076.28,2257.72,2261.19,1879.24,2300.45,2181.32,2211.95,3338.49,3266.07,3445.84,3393.11,3303.78,3479.37,3530.62,3476.37,3505.48,3851.6,3835.65,4039.85,4097.8,4134,4248.2,4271,4450,4806,4962,5307
c) Others,3273.58,6344.92,6888.18,7662.58,9229.23,10812.56,12173.92,12875.7,12859.82,14832.22,14899.25,18000.58,17912.45,14909.91,23123.83,19418.21,17159.54,24028.09,22174.43,18845.59,29496.52,24997.51,21922.12,38665.34,28717.86,24934.97,39775.55,35616.66,31971.28,43774.27,36421.29,31530.97,48468.65,41537.59,36558.67,54969.09,44671.19,40047,55644.88,51136,43725,63314,60058,72617
6. Organs of State,1088.09,2646.02,2925.06,3748.18,3719.69,4975.61,4260.71,4628.47,4959.65,6087.21,5580.74,7450.42,8011.37,7174.83,6416.31,6962.51,6167.73,7590.3,7891.43,7169.21,8148.45,8066.45,7192.56,8939.58,10404.11,9443.4,13737.88,14175.19,13373.09,12412.39,16177.49,14161.65,17086.07,18868.81,16571.69,18993.18,19250.94,16965,21380.08,22314,19881,26687,27911,27659
7. Pension & other retirement benefits,5183.63,12169.62,14936.06,18544.59,26261.54,37017.63,38818.67,40321.2,43037.56,48417.73,45226.76,55059.1,55105.22,55436.72,59752.15,62729.73,60871.14,68938.89,70067.94,69068.5,77853.34,80315.46,77634.2,87926.79,97002.25,94667.62,119385.75,124773.78,139551.19,132537.05,160086.09,165958.27,171659.34,178232.38,189265.22,204078.44,207977.69,214602,233604.73,238328,238370,269388,268874,305050
8. Relief on account of natural calamities (NP) @,867.17,1780.58,1457.63,1918.11,1841.8,2430.15,3698.63,4826.68,3820.4,4970.92,4201.21,3088.04,5211.33,4983.44,4182.09,8415.24,7809.57,4069.4,7318.19,7006.26,4425.51,6143.07,5937.56,5075.98,8333.32,7274.74,4169.11,9805.05,7881.14,4280.68,11215.65,7431.41,7465.37,12054.38,13760.14,7156.23,10948.52,10933,9969.55,17207,16595,10899,18162,10961
9. Technical & economic cooperation with other countries,139.54,239.69,250.56,370.64,571.83,606.64,695.32,667.79,980.64,1168.27,1145.17,1299.13,1391.28,1447.57,1572.9,1709.36,1659.16,1528.57,1568.19,1435.26,1740.45,1698.43,1600.54,1926.31,1770.52,1738.98,2189.91,1982.93,1980.29,2005.02,2489.53,2569.81,2650.01,2429.17,2468.76,3460.61,3698.87,3692,5550.29,5469,5286,6312,5319,6337
10. Compensation & assignment to local bodies,847.16,1355.65,1738.14,2952.88,3381.82,4537.98,4709.68,4636.52,6052.4,7315.76,6832.92,7211.31,7972.93,8050.96,8808.5,10104.96,9914.2,13122.57,13888.17,13942.24,16594.44,17402.22,16721.34,19253.26,19447.37,18700.71,21948.72,22039.48,20709.3,26573.4,28120.27,25688.22,32980.22,34361.98,32035.3,40076.18,40306.76,36562,48292.18,49213,44383,54106,54938,54854
11. Food subsidy,2492.35,5715.11,6420.73,7907.91,9009.44,9947.09,12552.68,17902.14,24794.05,26161.71,25913.46,26637.88,26970.21,24479.06,27159.18,24354.84,24240.24,25207,25304.48,25133.58,26557.36,33047.74,32708.16,33994.27,45605.91,46294.03,55087.56,59620.88,62120.34,58521.96,64054.04,67626.36,63676.42,77093.14,76920.52,79628.64,90749.96,90915,99849.99,101867,99825,126084,130223,129990
a) Centre,2450,5377,6066,7500,8700,9435,12060,17499,24176,25200,25160,25800,25800,23280,26200,23200,23077,24200,24204,24014,25696,31546,31327.86,32667,43627.2,43751.11,52489.72,56002.01,58442.73,55578.18,60599.53,63843.79,60572.98,72823,72822.1,75000,85000,85000,90000,92000,92000,115000,122676,124419
b) States,42.35,338.11,354.73,407.91,309.44,512.09,492.68,403.14,618.05,961.71,753.46,837.88,1170.21,1199.06,959.18,1154.84,1163.24,1007,1100.48,1119.58,861.36,1501.74,1380.3,1327.27,1978.71,2542.92,2597.84,3618.87,3677.61,2943.78,3454.51,3782.57,3103.44,4270.14,4098.45,4628.64,5749.96,5915,9849.99,9867,7825,11084,7547,5571
12. Social security & welfare (NP) @,2438.23,5454.52,5471.2,6096.83,7247.29,8849.78,8381.79,8345.76,8226.71,9290.35,8628.29,9958.62,9906.71,9899.88,10423.07,12468.89,11991.12,11205.54,12998.14,12728.7,15227.23,17713.38,24709.25,19793.66,34916.93,34543.75,40227.14,36372.74,40053.24,38787.47,47049.49,41902.15,31566.32,28904.85,27065.62,34816.54,35239.37,10654,36428.14,21902,39343,28035,43331,44094
13. Others**,2817.61,9516.07,7847.08,7597.11,10574.52,8256.98,9190.45,12497.29,15916.53,10919.99,11872.55,21941.36,15073.4,17846.72,20392.55,16841.12,16606.17,19538.76,15835.01,19754.78,21518,15037.65,15018.47,25977.57,21467.05,18828.4,31178.04,27116.88,23295.69,28978.58,30531.94,25215.67,31738.86,27044.7,24618.1,39400.2,32774.6,27047,49311.09,38289,31945,47200,40888,55340
B. DEVELOPMENTAL EXPENDITURE,74000.28,126518.42,143833.92,163909.86,190897.08,218603.21,236096.04,253578.03,271957.79,361858.88,328666.09,357249.24,384704.4,342791.42,424847.62,447845.63,418060.65,511879.22,551080.1,519109.75,652977.32,684604.21,621331.81,735977.15,832896.27,770608.94,881646.16,912883,887629.98,990855.63,1139448.25,1064432.13,1225394.75,1285379.41,1204920.68,1456064.32,1427614,1375622,1657700.91,1651421,1479739,1847828,1808599,1938737
1. Railways,1631.86,1140.55,1464.82,1991.83,2185.1,2588.4,3268.79,5376.89,5613.74,6944.34,6914.91,6919,8456,8468,6520,7185,7811.46,6800.14,7850.14,7554.21,6886.31,8121.31,8134.56,7100,9327,9545.36,14600,15331.3,16910.85,15875,18133.25,18384.79,20000,20000,20013.43,24000,24265,24132,26000,27000,27072,30100,30100,40000
2. Posts & Telecommunications,409.23,54.11,42.73,43.28,50.39,55.89,768.89,667.43,71.27,58.15,63.59,147.32,170.12,241.29,295.29,350.66,269.19,368.78,364.95,289.72,209.42,648.58,548.36,330.2,388.09,406.26,384.3,370.03,433.73,542.3,797.65,273.73,874.13,283.76,234.23,753.61,186.96,146,537.96,262,269,492,148,300
3. Social & Community Services,30971.99,58664.19,68680.96,78587.33,95629.84,109268.94,114005.22,117382.14,127531.26,154452.88,141630.09,165210.86,174933.12,162063.65,197634.77,204057.27,189298.25,238467.53,245735.97,227951.62,285049.56,287825.81,259029.85,344183.53,356141.76,333623.5,406253.72,428089.47,413968.18,476305.86,523404.43,495105.35,596507.2,599768.26,561642.06,699274.5,689103.69,657768,796964.3,799352,712535,881010,853103,942156
"a) Education, art & culture",17378.14,32350.19,37154.14,42312.8,52695.66,63173.73,63756.02,67881.45,71117.36,81221.99,76160.23,85711.73,90365.95,85716.67,99714.77,103132.63,98184.14,117914.72,121818.32,117312,136409.9,138762.96,126532.04,164261.42,167996.03,160275.23,198939.52,202868.95,201151.38,231157.58,257749.15,248789.68,292534.38,298130.27,283228.8,339483.53,342159.93,320040,384379.2,378855,356279,411014,398899,444845
b) Scientific services & research,1348.07,2280.28,2613.01,3028.6,3443.97,3830.44,4244.66,4969.58,5476.85,6322.11,6102.59,7943.79,7712.27,7559.32,9538.8,8722.01,8339.84,10864.6,9499.42,9181.07,11946.32,10685.12,10394.24,12945.91,13351.21,13054.9,16496.19,16015.68,15797.12,18720.04,18092.65,17811.19,21891.07,19615.27,17807.72,23560.25,18153.14,17786,23801.91,20086,19720,25641,22116,26736
c) Medical & public health and water supply & sanitation,6563.81,12452.8,14286.72,16865.31,20583.6,22698.48,24360.35,25254.91,26495.39,31503.69,29250.51,34611.13,35991.47,33771.7,40743.43,42153.45,39622.13,47754.95,49331.03,45797.46,56446.75,57907.77,51747.82,65312.22,65622.19,61055.93,76012.2,76300.03,75671.63,82213.06,90665.72,86509.87,100604.85,100794.17,95073.29,118089.55,116313.01,108338,136805.77,130100,120757,151742,157907,173924
d) Family welfare,932.57,1827.34,1833.7,2134.32,2222.13,2666.78,2826.28,3184.84,2924.47,4288.79,3668.29,4770.78,4620.03,3929.85,5671.21,6320.16,5863.5,7657.98,7565.51,7260.34,9230.56,9372.73,9007.17,10314.98,10809.21,11096.83,12885.23,12697.47,13366.54,14459.73,15027.57,15527.8,17690.93,17176.28,17446.42,21207.41,18462.9,19547,22374.65,22028,21533,18356,18805,19719
e) Housing,766.45,1535.82,2576.34,3023.49,3901.97,3916.45,4156.22,4556.45,4771.34,5393.73,5241.67,6081.5,6379.32,6739.6,6229.25,6468.46,6300.83,8150.81,8502.78,7800,10734.04,10886.42,10034.37,14773.9,18032.11,17301.26,16448.46,18113.65,17535.82,20457.15,22220.54,21520.82,23713.68,21833.51,22012.51,26477.75,24986.08,22903,32426.43,29856,29079,29122,29434,29161
f) Urban development,771.41,1522.45,1991.77,2365.67,2765.48,3441.97,3815.64,4254.75,4939.31,8075.42,6652.4,6993.34,8046.82,7532.33,10474.84,9518.74,7966.81,14092.56,14800,12267.5,22353.06,21209.08,16697.5,28587,27200.19,24339.86,28294.38,32391.56,32406.96,35450.85,39433.21,29700.41,46655.36,42595.74,34104.65,54663.45,52639.24,42225,58141.29,55776,42707,65582,61709,61217
g) Broadcasting,608.38,865.86,1040.67,1207.43,1273.58,1448.11,976.59,-3320.05,971.26,1017.22,1011.05,1000.51,1009.92,1020.35,1049.8,1130.65,1103.11,1280.38,1206.82,1144.47,1087.52,1099.87,1105.28,1178.18,1292.11,1232.44,1677.35,1462.56,1476.29,1823.1,1653.82,1646.41,1631.58,1694.99,1703.7,1647.28,1778.86,1750,2211.04,2122,2162,2452,2416,2895
h) Labour & employment,731.75,1237.64,1373.98,1600.26,1793.06,2079.42,2079.34,1998.33,1966.18,2352.82,2220.43,2720.03,2697.01,2489.33,3034.05,3128.52,2918.22,3442.76,3754.66,4383.09,4181.05,4514.81,3845.92,4829.49,5231.14,4634.93,5559.19,5747.07,5492.54,6828.76,7367.64,6531.29,8109.31,8161.31,7654.83,11661.7,11493.81,9557,12989.78,12692,11020,12954,12956,15381
i) Relief on account of natural calamities (P),0.29,244.15,475.16,239.43,230.45,52.36,18.61,22.55,134.21,187.06,171.82,232.86,138.44,117.64,95.71,170.62,170.67,227.18,54.82,79.28,138.41,16.67,14.48,139.88,128.9,62.34,98.64,107.44,90.94,167.23,123.48,44.82,221.78,214.45,129.59,948.02,85.84,57,246.93,738,369,2612,2088,2390
j) Social security & welfare(P),1434.94,3424.57,4211.11,4638.44,5143.72,4591.14,6625.05,6825.78,6563.63,10998.99,8561.95,11527.07,14266.61,10352.49,16356.18,18378.88,15108.72,21797.04,23542.38,18225.68,26049.63,26612.48,24452.09,33840.51,38267.23,33768.59,43164.74,54165.15,43737.58,55623.19,60372.95,57626.5,71498.04,78029.16,73237.8,85897.95,88463.76,104561,104609.05,128111,94812,136292,124148,141070
k) Others,436.18,923.09,1124.36,1171.58,1576.22,1370.06,1146.46,1753.55,2171.26,3091.06,2589.15,3618.12,3705.28,2834.37,4726.73,4933.15,3720.28,5284.55,5660.23,4500.73,6472.32,6757.9,5198.94,8000.04,8211.44,6801.19,6677.82,8219.91,7241.38,9405.17,10697.7,9396.56,11956.22,11523.11,9242.75,15637.61,14567.12,11003,18978.25,18988,14098,25243,22625,24816
4. General Economic Services,4991.72,1903.92,2099.8,3219.21,3152.55,3908.77,4360.59,3719.43,2819.36,11503.31,3979.87,16276.74,15266.53,7394.26,20193.08,18761.47,9325.37,26366.78,30504.68,16828.87,27586.9,72339.86,57781.91,33462.24,40657.14,19822.22,43781.04,40250.78,18204.25,57004.27,68764.17,40031.17,62417.67,60268.57,37710.23,85987.15,66164.65,35711,101650.3,72065,43310,82398,65690,69513
a) Foreign trade & export promotion,2810.82,432.35,566.56,576.26,746.06,707.54,834.3,914.57,929.32,1067.36,1033.96,1137.77,1016.13,1002.54,1261.86,1218.07,1173.55,1313.51,1298.79,1739.65,1340.34,2561.83,2493.61,2274.19,3756.07,3677.17,2396.1,2552.23,2481.18,2641.73,5120.33,3728.4,4867.26,2769.24,2806.2,3177.76,3086.49,3044,3505.32,3624,3526,3980,3885,4142
b) Co-operation,1091.52,1169.81,989.99,958.41,1041.4,1161.88,1148.85,1183.23,1192.57,1810.88,1363.53,1630.87,3095.46,2956.88,2221.47,2857.72,2776.54,3106.49,4509.94,4854.44,4590.43,7050.1,6425.99,4025.46,6931.35,6739.89,6522.51,6337.66,5845.3,3886.75,5097.11,5031.64,4820.2,6350.48,5662.37,6041.04,8535.04,6302,8781.54,6886,9470,7228,8633,8690
c) Others,1089.38,301.76,543.25,1684.54,1365.09,2039.35,2377.44,1621.63,697.47,8625.07,1582.38,13508.1,11154.94,3434.84,16709.75,14685.68,5375.28,21946.78,24695.95,10234.78,21656.13,62727.93,48862.31,27162.59,29969.72,9405.16,34862.43,31360.89,9877.77,50475.79,58546.73,31271.13,52730.21,51148.85,29241.66,76768.35,54543.12,26366,89363.44,61554,30314,71189,53171,56682
5. Agriculture & allied services,11714.34,21635.85,22870.75,26278.87,33080.76,36319.96,35140.39,39379.07,40174.58,52010.5,45741.15,50624.86,54709.09,51284.62,62603.02,69340.39,65023,74681.38,83852.83,81264.63,131746.59,95614.46,85363.42,114509.78,129363.61,120582.95,137642.08,127180.74,127091.63,141223.29,157475.26,144643.88,171231.91,163953.49,150911.62,188772.57,188662.52,173679,212827.17,211583,181340,269914,276833,295202
a) Crop husbandry,1715.58,3644.69,5105.26,6250.88,7825.65,9635.29,9362.09,10410,8956.58,10489.89,9502.36,11259.82,12341.24,12497.14,14394.89,15437.58,15142.6,16304.1,19451.08,20981.09,21874.81,26194.7,17655.4,31095.38,21792.52,16274.31,19698.22,21290.58,20922.63,23985.69,30054.49,28666.43,31305.72,31788.7,29175.53,37715.22,40079.37,35971,45117.94,46252,35196,55866,59182,58146
b) Soil & water conservation,427.53,901.14,990.53,958.01,1106.67,1403.82,1236.76,1180.06,1036.16,1419.3,1228.16,1535.91,1564.77,1340.95,1619.88,1622.45,1307.8,1776.11,1912.38,1801.52,2124.45,2323.7,2103.67,2766.05,2692.95,2375.11,2375.62,2896.34,2400.79,2908.87,3252.76,3060.35,3700.21,3680.75,3103.5,4187.94,4318.07,3405,4818.87,4894,3379,5314,6847,6197
c) Animal husbandry,747.13,1392.29,1366.32,1520.86,1794.88,2004.95,2084.46,2120.86,2172.23,2530.48,2302.98,2826.83,2901.4,2607.5,3049.86,3205.48,2963.38,3616.88,4007.42,3680.3,4291.97,4443.82,3868.68,5249.19,5175.75,4623.44,5729.07,5771.27,5511.63,6586.95,7210.29,6500.86,8544.3,8694.81,7747.64,10071.66,10104.34,8892,11315.91,11333,9727,12567,12213,13202
d) Dairy development,615.94,709.69,1000.84,1091.88,1107.87,1203.1,1298.57,1217.81,1397.22,974.33,1124.93,1013.92,802.63,914.6,971.52,874.81,1162.08,1049.62,1173.24,1148.93,1519.57,1133.08,1165.62,1588.94,1587.67,1370.17,1221.34,1165.93,1329.54,1416.75,1449.52,1356.8,1809.81,1804.39,1709,2090.76,2438.44,2314,3134.07,3092,2826,2986,2844,3092
e) Food storage & warehousing (excl. food & fert. subsidy),178.48,537.17,401.27,488.38,519.53,589.24,488.85,413.66,466.65,654.92,434.45,652.01,649.14,442.28,510.75,524.92,578.86,561.58,645.33,751.3,641.72,850.85,891.71,634.28,1469.74,874.94,913.12,936.6,1147.81,1048.18,1536.28,1181.22,2254.54,1325.9,1476.04,1597.82,1479.38,1574,1981.15,2598,4163,4586,6437,10636
f) Rural development,5147.41,11948.81,12001.43,12966.2,15474.91,16129.81,14728.89,17981.46,23111.59,30356.94,26339.25,25571.1,29024.02,26522.84,33254.92,38724.77,36767.78,40895.69,44416.38,41989.96,48264.41,46341.23,45635.29,53437.33,76365.59,73437.59,92363.57,79142.31,74158.29,87601.09,91357.63,83598.55,99397.2,92979.89,85015.39,104133.35,102124.54,91193,114618.54,109261,97765,145588,148087,157167
g) Others,2882.27,2502.06,2005.1,3002.66,5251.25,5353.75,5940.77,6055.22,3034.15,5584.64,4809.02,7765.27,7425.89,6959.31,8801.2,8950.38,7100.5,10477.4,12247,10911.53,53029.66,14327.08,14043.05,19738.61,20279.39,21627.39,15341.14,15977.71,21620.94,17675.76,22614.29,20279.67,24220.13,23679.05,22684.52,28975.82,28118.38,30330,31840.69,34152,28283,43007,41223,46762
6. Industry & minerals less DCUs,3846.58,5086.06,6326.97,5562.59,5903.11,7093.8,6762.24,8457.78,14508.72,20106.59,19616.48,14879.16,16057.41,13710.05,17022.4,15505.71,14889.25,14746.53,15581.18,18844.07,17867.71,22826.12,16958.72,22873.15,23740.78,25032.63,27714.17,37187.32,37057.68,30057.38,69862.31,66143.89,54568.26,99300.91,97327.58,79674.62,129524.96,124512,102241.69,118149,114994,102416,95473,67856
7. Fertiliser subsidy,4400,6235,5906,7322,7806,8963,9492,8091,7790,8138,8521,8616,10620.73,10985,11063.44,11977,13075,12447,16808,15924,16808,19474,32490,20139,75849,76602.35,49980,52980.25,61264.29,49980.73,54976.68,62301.21,49997.87,67977.87,70791.61,60974.13,65974.13,65613,65971.53,67972,70933,72970,70912,72969
"8. Power, irrigation & flood control",10106.61,20928,23192.54,25407.85,25570.37,27462.12,33799.18,38799.83,39519.61,70450.62,66182.33,55900.08,63556.85,51161.35,57614.83,64522.06,63801.49,71695.44,79841.49,80191.04,88474.28,95966.7,83425.33,104824.89,106499.87,96863.44,98484.03,103115.16,101719.08,106228.33,112897.88,105487.53,129733.13,132024.74,129664.63,148084.41,112842.65,149378,172484.45,176176,156841,206748,213883,220130
a) Major & medium irrigation,3278.32,8481.81,8977.65,10775.05,12092.79,13397.89,12071.42,11821.99,14249.59,21428.08,17175.16,17271.26,21574.85,13853.78,23613.28,24762.91,24864.33,29606.69,31198.1,30002.83,34521.15,35944.7,30792.95,40397.21,37158.63,32684.47,36087.26,36722.17,34605.96,39291.39,37047.48,34670.48,43845.28,37259.55,36327.93,47171.2,43034.15,38514,50575.21,46999,38281,47865,44491,51271
b) Minor irrigation,1482.03,2476.66,2810.87,2814.73,3084.43,2859.32,2888.81,3102.51,2997.52,3892.69,3552.18,5119.11,5077.78,4743.04,5579.4,5952.86,5344.5,6676.04,7193.86,8469.51,7946.96,10434.36,6695.49,12418.44,8861.69,7634.19,10081.76,10666.11,10093.67,13627.52,13944.82,12126.48,17049.76,16415.62,13045.16,19007.14,17036.51,12773,20345.14,19526,12428,18877,16383,16247
c) Power projects,4071.37,7676.98,9864.94,10337.39,8657.62,9324.28,16937.88,21309.34,20496.44,42776.72,43360.42,31083.79,34462.05,30611.04,25283.63,30734.23,30986.97,31695.01,37347.01,38257.93,41602.11,45462.9,42393.11,46628.64,54496.88,51713.73,45146.44,47060.92,50183.45,45759.08,54194.69,51617.87,56870.99,65183.46,69363.18,68419.77,40309.47,87763,86911.34,97411,96981,123668,133303,134954
d) Others,1274.89,2292.55,1539.08,1480.68,1735.53,1880.63,1901.07,2565.99,1776.06,2353.13,2094.57,2425.92,2442.17,1953.49,3138.52,3072.06,2605.69,3717.7,4102.52,3460.77,4404.06,4124.74,3543.78,5380.6,5982.67,4831.05,7168.57,8665.96,6836,7550.34,7710.89,7072.7,11967.1,13166.11,10928.36,13486.3,12462.52,10328,14652.76,12240,9151,16338,19706,17658
9. Transport & Communications,4556.84,8611.2,10549.39,12306.27,14481.69,19171.05,24492.15,27326.61,29883.62,33297.22,31337.45,33288.79,35341.02,32386.96,45716.82,49807.98,48729.84,58260.07,62624.37,62474.07,69494.14,71985.99,68391.85,77716.53,79458.69,78338.87,88323.54,94234.8,98155,97450.5,115791.1,116647.4,122582.91,124253.73,121729.53,148029.72,129269.85,127656,154680.6,155161,153631,173381,176179,201138
a) Roads & bridges,3489.47,6569.95,8166.16,9445.25,10990.87,15086.74,19373.51,19351.68,22054.79,24330.11,22537.74,26642.08,25971.91,23932.84,37111.76,39870.26,38539.16,47879.15,50881.64,52269.17,56871.95,60263.1,55277.45,64481.54,63995.84,63722.29,69855.79,72070.91,74388.6,75679.16,90990.16,95321.81,94929.82,101088.1,96797,115583.04,92643.1,95966,110623.64,114896,120527,125508,137700,160807
b) Civil aviation,29.01,98.61,84.57,142.46,202.09,217.78,231.08,269.75,278.78,301.65,293.07,300.08,393.58,385.33,644.62,767.94,768.88,459.47,529.69,505.15,660.41,1289.73,1289.13,708.55,874.62,878.39,905.63,2004.56,2018.64,2910.45,2685.92,2591.27,2466.32,2386.7,2160.59,5376.94,7281.95,7159,5987.26,7099,7080,7554,6849,3508
"c) Ports, light houses & shipping",190.44,343.38,339.23,468.03,728.69,763.88,860.92,772.77,663.41,786.61,731.1,851.29,799.99,689.67,829.81,799.45,790.5,1123.95,1184.66,1088.2,1482.71,1361.05,1337.84,1340.13,1481.09,1352.86,1617.79,1324.33,1324.79,1687.45,1620.86,1596.47,1724.66,1442.18,1354.53,1810.49,1329.54,1325,2025.93,1724,1646,2076,1775,2384
d) Others,847.92,1599.26,1959.43,2250.53,2560.04,3102.65,4026.64,6932.41,6886.64,7878.85,7775.54,5495.34,8175.54,7379.12,7130.63,8370.33,8631.3,8797.5,10028.38,8611.55,10479.07,9072.11,10487.43,11186.31,13107.14,12385.33,15944.33,18835,20422.97,17173.44,20494.16,17137.85,23462.11,19336.75,21417.41,25259.25,28015.26,23206,36043.77,31442,24377,38244,29855,34440
10. Public works,1371.11,2259.54,2699.96,3190.63,3037.27,3771.28,4006.59,4377.85,4045.63,4897.27,4679.22,5386.43,5593.53,5096.24,6183.97,6338.09,5837.8,8045.57,7916.49,7787.52,8854.41,9801.38,9207.81,10837.83,11470.33,9791.36,14483.28,14143.15,12825.29,16187.97,17345.52,15413.18,17481.67,17548.08,14895.76,20513.61,21619.59,17027,24342.91,23702,18813,28400,26278,29473
C. LOANS AND ADVANCES,11945.84,13440.41,14561.47,15596.01,18228.67,21438.83,17180.13,23139.72,21494.89,28499.68,32922.09,18694.07,26572.25,25282.52,20025.16,25773.86,24167.86,20232.55,23529.38,22134.94,24661.02,25676.67,22160.26,24688.92,28148.87,27064.2,24694.37,31077.87,31059.98,30753.66,39817.77,39887.73,32365.95,51669.2,60621.52,40227.7,55906.89,41817,44575.03,47108,39556,35220,40621,40189
a) By Centre,6186.68,5183.06,5004.85,5010.32,6870.92,5897.38,5971.38,10872.04,7535.82,5320.87,5881.51,4261.24,5795.36,5939.76,5925.4,6950.53,6838.68,5145.62,5288.29,5049.15,4471.83,5251.63,5070.56,4623,7579.12,7470.54,7119.77,8426.73,8209.04,11052.91,15794.02,14819.4,8535.02,10962.63,18307.49,9439.41,18624.88,8004,9388.91,10418,9910,12740,13158,13394
b) By States,5759.16,8257.35,9556.62,10585.69,11357.75,15541.45,11208.75,12267.68,13959.07,23178.81,27040.58,14432.83,20776.89,19342.76,14099.76,18823.33,17329.18,15086.93,18241.09,17085.79,20189.19,20425.04,17089.7,20065.92,20569.75,19593.66,17574.6,22651.14,22850.94,19700.75,24023.75,25068.33,23830.93,40706.57,42314.03,30788.29,37282.01,33813,35186.12,36690,29646,22480,27462,26795
1. Developmental,9965.52,12727.34,13923.45,14431.88,15706.09,19327.77,15332.2,21337.32,20211.85,27352.1,32099.71,17747.79,25521.81,24461.17,19125.76,25092.34,23675.69,19760.69,23110.12,21844.14,24124.26,25162.63,20949.5,24092.86,25858.63,25961.01,23073.08,30396.88,30366.02,30074.27,38883.36,39159.93,31342.31,50106.74,58904.39,38005.35,53516.98,39650,42563.92,44964,36934,31419,37379,35863
a) By Centre,4418.46,5044.74,4920.09,4716.58,5306.57,5212.72,5228.72,10204.21,6624.31,4562.6,5338.32,3759.59,5147.74,5459.83,5431.35,6589.89,6647.2,4995.17,5255.46,5131.26,4433.53,5284.81,5175.5,4617.4,6782.71,6737.56,7127.76,8194.49,8014.64,10867.5,15509.02,14529.48,8281.02,10113.63,17451.49,7943.41,16949.18,6331,8092.41,8964,8436,9746,10919,10167
b) By States,5547.06,7682.6,9003.36,9715.3,10399.52,14115.05,10103.48,11133.11,13587.54,22789.5,26761.39,13988.2,20374.07,19001.34,13694.41,18502.45,17028.49,14765.52,17854.66,16712.88,19690.73,19877.82,15774,19475.46,19075.92,19223.45,15945.32,22202.39,22351.38,19206.77,23374.34,24630.45,23061.29,39993.11,41452.9,30061.94,36567.8,33319,34471.51,36000,28498,21673,26459,25695
2. Non-developmental,1980.32,713.07,638.02,1164.13,2522.58,2111.06,1847.93,1802.4,1283.04,1147.58,822.38,946.28,1050.44,821.35,899.4,681.52,492.17,471.86,419.26,290.8,536.76,514.04,1210.76,596.06,2290.24,1103.19,1621.29,680.99,693.96,679.39,934.41,727.8,1023.64,1562.46,1717.13,2222.35,2389.91,2167,2011.11,2144,2621,3801,3242,4326
a) By Centre,1768.22,138.32,84.76,293.74,1564.35,684.66,742.66,667.83,911.51,758.27,543.19,501.65,647.62,479.93,494.05,360.64,191.48,150.45,32.83,-82.11,38.3,-33.18,-104.94,5.6,796.41,732.98,-7.99,232.24,194.4,185.41,285,289.92,254,849,856,1496,1675.7,1674,1296.5,1454,1474,2994,2239,3227
b) By States,212.1,574.75,553.26,870.39,958.23,1426.4,1105.27,1134.57,371.53,389.31,279.19,444.63,402.82,341.42,405.35,320.88,300.69,321.41,386.43,372.91,498.46,547.22,1315.7,590.46,1493.83,370.21,1629.28,448.75,499.56,493.98,649.41,437.88,769.64,713.46,861.13,726.35,714.21,494,714.61,690,1148,807,1003,1100
TOTAL  (A+B+C) ,155141.47,293103.5,325614.77,372972.78,445980.29,517056.12,552124.48,613590.99,661663.93,801264.82,762764.73,837764.13,869835.93,824479.76,947047.66,974430.97,933641.76,1075254.7,1123912.27,1086592.18,1285593.13,1332922.86,1243597.56,1463359.13,1600116.2,1519081.18,1788195.39,1833730.18,1814610.49,1973761.79,2194482.82,2105695.3,2358589.34,2463493.37,2381433.87,2822749.97,2758192.73,2649263,3204965.78,3152934,2953311,3537504,3503497,3794689
D. SELF BALANCING ITEM,5.45,0.04,0.04,0,0,0,0,0,0,0,0,0,0,0,0,0,0,0,0,0,0,0,0,0,0,0,0,0,0,0,0,0,0,0,0,0,0,0,0,0,0,0,0,0
E. TRANSFER TO FUNDS,1078.74,82.55,2228.1,2749.88,3868.13,3028.58,4539.65,5650.08,6918.17,8483.68,7853.44,9259.85,9754.18,9650.67,7819.41,8241.85,7796.49,7234.78,8590.71,8574.9,9319.37,5522.31,5564.78,5363.11,6505.61,4918.02,7082.99,7636.06,7950.44,9279.69,11507.29,10782.68,11902.8,12863.92,-,14168.76,-,-,-,-,,-,-,-
GRAND TOTAL(A+B+C+D+E),156225.66,293186.09,327842.91,375722.66,449848.42,520084.7,556664.13,619241.07,668582.1,809748.5,770618.17,847023.98,879590.11,834130.43,954867.07,982672.82,941438.25,1082489.48,1132502.98,1095167.08,1294912.5,1338445.17,1249162.34,1468722.24,1606621.81,1523999.2,1795278.38,1841366.24,1822560.93,1983041.48,2205990.11,2116477.98,2370492.14,2476357.29,2381433.87,2836918.73,2758192.73,2649263,3204965.78,3152934,2953311,3537504,3503497,3794689
TOTAL EXPENDITURE INCLUDING NET LENDING ,152601.12,287495.92,319846.18,367756.24,442823.96,513958.35,544832.44,604757.14,656435.18,786295.05,745828.32,836029.04,865805.97,821070.2,947069.05,970956.59,929206.33,1075201.43,1120485.73,1084224.29,1288507.37,1329713.13,1239226.13,1461214.25,1592756.94,1507110.56,1788210.69,1830989.44,1810375.41,1977056.73,2198208.6,2106041.01,2358570.19,2450570.68,2347832.48,2827266.77,2728407.09,2634157,3191655.17,3135200,2941180,3527694,3490386,3785114
A. TOTAL EXPENDITURE @,155141.47,293103.5,325614.77,372972.78,445980.29,517056.12,552124.48,613590.99,661663.93,801264.82,762764.73,837764.13,869835.93,824479.76,947047.66,974430.97,933641.76,1075254.7,1123912.27,1086592.18,1285593.13,1332922.86,1243597.56,1463359.13,1600116.2,1519081.18,1788195.39,1833730.18,1814610.49,1973761.79,2194482.82,2105695.3,2358589.34,2463493.37,2381433.87,2822749.97,2758192.73,2649263,3204965.78,3152934,2953311,3537504,3503497,3794689
B. TOTAL REVENUE @@,98018.82,205921.05,231701.73,255525.54,272063.23,324262.38,347111.19,375407.89,417353.5,505052.53,490183.05,581484.04,594730.16,579940.86,671121.31,700924.29,687018.87,807459.35,849209.68,861198.47,975790.26,1044146.16,1000171.65,1187086.67,1113000.81,1045034.83,1202412.32,1173934.31,1169669.27,1369744.4,1566056.75,1544080.39,1694764.18,1698621.54,1647883.43,2024765.01,1958452.88,1930876,2323056.84,2311714,2165575,2652593,2585480,2841966
C. GAP (A-B),57122.65,87182.45,93913.04,117447.24,173917.06,192793.74,205013.29,238183.1,244310.43,296212.29,272581.68,256280.09,275105.77,244538.9,275926.35,273506.68,246622.89,267795.35,274702.59,225393.71,309802.87,288776.7,243425.91,276272.46,487115.39,474046.35,585783.07,659795.87,644941.22,604017.39,628426.07,561614.91,663825.16,764871.83,733550.44,797984.96,799739.85,718387,881908.94,841220,787736,884912,918017,952722
D. FINANCED BY(1+2+3):,57227.65,87182.45,93913.04,117447.24,173917.06,192793.74,205013.29,238183.1,244310.43,296212.29,272581.68,256280.09,275105.77,244538.9,275926.35,273506.68,246622.89,267795.35,274702.59,225393.71,309802.87,288776.7,243425.91,276272.46,487115.39,474046.35,585783.07,659795.87,644941.22,604017.39,628426.07,561614.91,663825.16,764871.83,733550.44,797984.96,799739.85,718387,881908.94,841220,787736,884912,918017,952722
1 Domestic capital receipts,41479.92,60416.05,76633.82,52659.91,172203.84,206948.64,197604.1,165280.98,251333.3,322993.44,296486.48,239523.73,238521.98,303798.05,262129.49,245551.42,182480.26,260018.1,274923.7,131883.27,303481.4,250007.59,243817.47,238634.93,366712.67,312889.63,541912.9,610452.66,633165.77,561157.6,579144.49,543903.17,618376.63,645561.99,620986.65,772548.6,719788.36,731533,850767.18,753871,771138,865076,818476,904628
a) Market loans *,10435.26,39922.66,25495.3,39771.05,79677.79,83432.5,85669.73,50310.11,125503.03,129211.04,135964.88,117788.08,79772.89,68909.65,121437.17,120152.11,118138.25,120718.26,126586.07,126990.59,124939.09,168273.62,180196.13,159132.12,341397.64,340278.81,500840.68,522963.37,506966.84,476855,434785.61,413232.22,470374.8,591846.78,562743.2,656002.82,622775.16,614893,698206.24,652905,613707,681896,675215,718863
b) Loans obtained by State Governments from LIC & NABARD  etc.*,270.34,985.3,1157.68,2964.5,3884.48,17303.9,40567.11,55624.66,51027.25,77763.71,78876.18,65201.17,77989.76,89487.79,88280.54,95855.61,102713.21,77968.34,58158.91,47225.04,65900.78,18514.2,6300.91,31206.6,21185.98,-6516.78,15064.08,10365.14,34623.88,2139.78,37499.16,35907.58,35158,-3723,2330.64,2975.35,6047.18,4179,-2760.98,-4195,13670,12165,26983,21902
c) Small savings*,8308.87,10075.58,12141.95,4677.41,3831.27,9952.2,8191.76,8755,6730.52,-3364.09,-5632.75,8586.32,6183.41,44851.17,7597.77,-5531.86,-11234.78,4523.47,746.34,-13832.81,29664.65,20674.45,-173.74,11228.27,21205.64,-4064.86,14455.18,17751.86,26030.12,17150.68,18859.18,3949.52,25579.15,6080.25,19078.41,7440.01,2021.42,11934,7092.37,2997,33283,9533,4983,23836
d) State provident funds *,3106.17,6385.75,5353.88,8462.75,15567.35,21359.71,14066.37,10673.21,11215.52,14512.15,12313.73,14086.21,13539.56,12961.09,12907.58,14123.93,15433.69,14035.63,14695.49,138622.98,15659.19,15361.97,15353.09,19258.61,18574.92,48016.03,25483.26,30521.74,35668.57,28276.97,30430.61,36188.51,33451.4,32593.25,33450.75,32788.92,31049.54,33007,32306.08,33184,29220,36705,19532,34755
e) Public provident funds *,780.63,2657.09,3081.51,4033.32,5324.24,7622.24,9595,20137.34,8216.6,-4958.29,4279.35,9287.68,-5486.7,6012.96,4365.53,11448.09,12813.81,-2362.75,26045.53,33239.44,2561.6,21219.15,16212.1,2497.87,84135.74,89010.73,8498.5,10604.85,8744.69,5147.71,4565.2,-10057.76,276.11,-12300.82,-15556.66,-7076.03,-7124.88,-6704,6194.92,4981,-11662,4969,788,1785
f) Special deposits of non-Government provident funds *,6721.7,5167.88,5085.33,7707.43,7974.88,9209.53,7177.01,7522.99,8736.02,0,-376.87,0,0,-1107.17,0,0,-384.03,0,0,-559.13,0,0,-1245.87,0,0,-2332.87,0,0, -,0, -,0, -,0,0,0,0,0,0,0,0,0,0,0
g) Special treasury bills *,322,2405.89,-3208.88,-2462.47,4422.3,686.29,389.58,-46.74,1075.4,-1380.61,-1477.33,-96.76,-751.25,-495.31,242.4,261.03,3507.44,-115.18,-864.58,646.88,-86.03,-1568.49,-1079.09,-114.94,-8916.34,-1634.06,-15021.73,-2841.11,1397.26,-92.06,-7019.91,4832.21,8708.71,-1043.93,310.78,42062.09,1590.15,2601,39586.98,-2138,2955,-1789,4246,-1081
h) Repayment of loans & advances,3624.54,5690.17,7996.73,7966.42,7024.46,6126.35,11831.69,14483.93,12146.92,23453.45,24789.85,10994.94,13784.14,13060.23,7798.02,11716.23,12231.92,7288.05,12017.25,10942.79,6405.13,8732.04,9936.21,7507.99,13864.87,16888.64,7067.69,10376.8,12185.52,5984.75,7781.51,10436.97,11921.95,25786.61,33601.39,9651.96,29785.64,15106,13310.61,17734,12131,9811,13111,9574
i) Disinvestment of equity,-,1397.13,455.44,911.78,5873.94,1724,2125.4,3646,3150.69,14500,16953,4000,4091,4091,0,0,0,0,0,533.54,0,36125.36,38795.57,10165,2566.51,565.93,1120,25958.08,24581.43,40000,22744,22846,40000,15493,18088,30000,24000,18089,55814,24000,29368,55814,31350,69500
j) Miscellaneous capital receipts,7910.41,-14271.4,19074.88,-21372.28,38623.13,49531.92,17990.45,-5825.52,23531.35,73256.08,30796.44,9676.09,49399.17,66026.64,19500.48,-2473.72,-70739.25,37962.28,37538.69,-211926.05,58436.99,-37324.71,-20477.84,-2246.59,-127302.29,-167321.94,-15594.76,-15248.07,-17032.54,-14305.23,29499.13,26567.92,-7093.49,-9170.15,-33059.86,-1296.52,9644.15,38430,1016.96,24403,48465,55972,42267,25493
2 External capital receipts,4262.06,1455.73,4177.08,2109.38,2906.81,2287.81,8318.56,10052.18,-10065.51,-8847.52,-11328.38,11674.45,12098.84,17314.73,12873.75,10533.03,36388.66,10939.96,10360.58,11002.84,11245.72,12061.19,12038,12784.6,12351.21,13808.8,18182.77,19613.03,14179,24524.26,25019.45,26228.63,16672.96,13787.65,15410.85,13035.4,4976.02,9512,12014.23,8575,10910,8138,12517,12947
a) Special credits(net),-76.4,-,-,-,-,-,-,-,-,-,-,-,-,-,-,-,-,-,-,-,-,-,-,-,-,-,-,-,-,-,-,0,-,0,0,0,0,0,0,0,0,0,0,0
b) Other (net),3180.55,317.71,2987.28,1090.96,1919.53,1179.91,7505.09,8300.57,-11933.73,-12204.65,-13487.57,7676.52,8234.64,14752.96,8855.84,7514.32,33365.6,8323.92,7891.62,8472.5,9110.55,9970.01,9315.39,10989.27,9603.2,11014.67,16046.57,16535.44,11037.55,22464.09,22263.82,23555.94,14500,10311.06,12448.51,10148.2,2214.4,7201,10558.1,5440,7292,5734,9705,11173
i) Gross receipts,5339.07,6758.76,9534.6,7858.79,10014.55,9893.31,17327.99,17489.69,12352.14,13089.61,11956.4,14546.19,15392.86,21854.47,16384.48,14540.58,40363.44,16064.75,15812.95,16358.13,17451.52,17402.6,16808.64,19209.93,19578.35,21021.69,27080.41,27765.93,22177.2,34735.42,33947.06,35330.17,26820.13,24176.74,26034.39,26047.94,18490.86,23309,27646.27,23565,25416,28175,30407,34373
ii) Deduct: repayments,2158.52,6441.05,6547.32,6767.83,8095.02,8713.4,9822.9,9189.12,24285.87,25294.26,25443.97,6869.67,7158.22,7101.51,7528.64,7026.26,6997.84,7740.83,7921.33,7885.63,8340.97,7432.59,7493.25,8220.66,9975.15,10007.02,11033.84,11230.49,11139.65,12271.33,11683.24,11774.23,12320.13,13865.68,13585.88,15899.74,16276.46,16108,17088.17,18124,18124,22441,20702,23200
c) Revolving fund,572.3,0,0,0,0,0,0,0,0,500,0,400,800,0,800,0,0,0,0,0,0,0,0,0,0,0,0,0,-,0,-,0,-,0,0,0,0,0,0,0,0,0,0,0
d) Grants,585.61,1138.02,1189.8,1018.42,987.28,1107.9,813.47,1751.61,1868.22,2857.13,2159.19,3597.93,3064.2,2561.77,3217.91,3018.71,3023.06,2616.04,2468.96,2530.34,2135.17,2091.18,2722.61,1795.33,2748.01,2794.13,2136.2,3077.59,3141.45,2060.17,2755.63,2672.69,2172.96,3476.59,2962.34,2887.2,2761.62,2311,1456.13,3135,3618,2405,2811,1774
3 Overall budgetary surplus/deficit,-11485.67,-25310.67,-13102.14,-62677.95,1193.59,16442.71,909.37,-62849.94,-3042.64,17933.63,12576.42,-5081.91,-24484.95,76573.88,-923.11,-17422.23,-27753.97,3162.71,10581.69,-82507.6,4924.25,-26707.92,12429.56,-24852.93,-108051.51,-147347.92,-25687.4,-29730.18,2403.55,-18335.53,-24262.13,8516.89,-28775.57,-105522.19,-97152.94,-12400.96,-74975.47,22658,-19127.53,-78773,-5688,-11697,-87025,-35147
